                  epoch,         train/box_loss,         train/cls_loss,         train/dfl_loss,   metrics/precision(B),      metrics/recall(B),       metrics/mAP50(B),    metrics/mAP50-95(B),           val/box_loss,           val/cls_loss,           val/dfl_loss,                 lr/pg0,                 lr/pg1,                 lr/pg2
                      1,                 1.1187,                 2.4408,                 1.6168,                0.00455,                      1,                0.77806,                0.32939,                 1.0455,                 3.1651,                 1.8537,                0.00018,                0.00018,                0.00018
                      2,                 1.1846,                 1.6231,                   1.66,                0.00455,                      1,                0.48033,                0.20925,                  1.696,                 3.1779,                 2.3305,             0.00037812,             0.00037812,             0.00037812
                      3,                 1.1735,                 1.4701,                 1.6331,                0.71312,                    0.4,                0.61359,                0.18101,                 1.8505,                 3.1671,                 2.5322,             0.00057426,             0.00057426,             0.00057426
                      4,                 1.2217,                 1.4478,                 1.6784,                0.74477,                    0.2,                0.40617,                 0.1964,                 1.4587,                  3.221,                 2.2163,             0.00076842,             0.00076842,             0.00076842
                      5,                 1.2274,                 1.5193,                 1.6946,                0.09657,                0.53333,                0.14146,                0.02818,                 2.7762,                 3.6855,                 3.1658,              0.0009606,              0.0009606,              0.0009606
                      6,                 1.2112,                 1.3669,                 1.6352,                      1,                0.16454,                0.25607,                0.09349,                 2.3261,                 3.4899,                 3.1228,              0.0011508,              0.0011508,              0.0011508
                      7,                 1.2376,                  1.323,                 1.6653,                0.43143,                    0.2,                0.23239,                0.06506,                 2.1269,                 3.1121,                 2.9758,               0.001339,               0.001339,               0.001339
                      8,                 1.2182,                 1.2608,                 1.6331,                 0.2156,                    0.2,                0.11058,                0.06406,                 2.4996,                 3.3912,                 3.7014,              0.0015253,              0.0015253,              0.0015253
                      9,                 1.2509,                 1.2309,                  1.693,                0.33401,                0.46667,                0.41302,                0.20086,                  1.962,                 2.5215,                 2.8733,              0.0017095,              0.0017095,              0.0017095
                     10,                 1.2938,                  1.239,                 1.7093,                0.46811,                    0.4,                0.37976,                0.15145,                 2.3581,                 2.5667,                 3.4489,              0.0018918,              0.0018918,              0.0018918
                     11,                 1.2777,                 1.2392,                 1.7046,                0.79215,                 0.2562,                0.33402,                0.07112,                 2.8095,                 2.7594,                 3.9283,               0.001901,               0.001901,               0.001901
                     12,                 1.2468,                 1.1716,                 1.6721,                0.39894,                    0.4,                0.29086,                0.09793,                 2.6492,                 2.6446,                 3.8161,               0.001901,               0.001901,               0.001901
                     13,                 1.3417,                 1.1821,                 1.7173,                0.23716,                0.73333,                0.18899,                0.06361,                 2.1513,                 2.8583,                 2.7964,              0.0018911,              0.0018911,              0.0018911
                     14,                  1.243,                 1.1431,                 1.6729,                 0.5065,                    0.4,                0.43172,                0.15623,                 2.1329,                 2.8449,                 2.7905,              0.0018812,              0.0018812,              0.0018812
                     15,                 1.2665,                  1.142,                 1.6464,                0.26121,                0.53333,                0.22976,                 0.0918,                 2.0308,                 2.8413,                 2.8349,              0.0018713,              0.0018713,              0.0018713
                     16,                 1.2057,                 1.1101,                 1.6556,                 0.4955,                    0.4,                0.40268,                0.18496,                  1.769,                 2.3898,                 2.6099,              0.0018614,              0.0018614,              0.0018614
                     17,                 1.2286,                 1.0763,                 1.6485,                0.60398,                0.53333,                0.51185,                0.19196,                 2.4357,                 2.1972,                 3.1584,              0.0018515,              0.0018515,              0.0018515
                     18,                 1.2157,                 1.0122,                 1.6248,                0.43677,                0.46667,                0.40894,                0.21077,                 2.3963,                 2.6769,                 3.7029,              0.0018416,              0.0018416,              0.0018416
                     19,                 1.2815,                 1.0163,                 1.6788,                0.09343,                    0.6,                0.14965,                0.07246,                 2.6186,                 3.8827,                 3.5833,              0.0018317,              0.0018317,              0.0018317
                     20,                 1.2202,                 1.0406,                 1.6489,                 0.4052,                0.53333,                0.37722,                0.15563,                 2.4749,                 1.8642,                 3.0403,              0.0018218,              0.0018218,              0.0018218
                     21,                 1.2183,                 1.0213,                 1.6322,                  0.467,                    0.4,                0.34877,                0.14784,                 2.5963,                 1.9785,                 3.3536,              0.0018119,              0.0018119,              0.0018119
                     22,                 1.1868,                0.98295,                 1.5954,                0.61857,                    0.8,                0.81457,                0.34001,                 1.9633,                 1.2273,                 2.5186,               0.001802,               0.001802,               0.001802
                     23,                 1.1923,                0.96685,                 1.6268,                0.54331,                    0.4,                0.50171,                 0.2072,                 2.2201,                 1.9827,                 2.7881,              0.0017921,              0.0017921,              0.0017921
                     24,                 1.2433,                 1.0303,                 1.6393,                0.69992,                0.46652,                0.53457,                0.24221,                 2.1763,                 1.9771,                 2.9238,              0.0017822,              0.0017822,              0.0017822
                     25,                 1.2298,                0.92202,                 1.6459,                0.83242,                0.66667,                0.71226,                 0.2768,                 1.8329,                 1.7839,                 2.4082,              0.0017723,              0.0017723,              0.0017723
                     26,                 1.1942,                0.96542,                 1.5981,                0.38119,                0.53333,                0.27193,                0.11115,                  2.214,                 2.2924,                 2.7578,              0.0017624,              0.0017624,              0.0017624
                     27,                 1.2166,                0.94331,                 1.5873,                0.58505,                0.53333,                0.50844,                 0.1907,                 2.2138,                 2.2625,                 2.8244,              0.0017525,              0.0017525,              0.0017525
                     28,                 1.1673,                0.88939,                 1.5796,                      1,                0.64241,                0.74013,                0.34197,                 1.8452,                 1.4017,                  2.419,              0.0017426,              0.0017426,              0.0017426
                     29,                 1.1786,                0.93557,                 1.6258,                0.92667,                0.66667,                0.81265,                0.35999,                 1.8152,                 1.3596,                 2.4838,              0.0017327,              0.0017327,              0.0017327
                     30,                 1.1247,                0.88111,                 1.5526,                0.44831,                0.66667,                0.54073,                0.24212,                 2.3992,                 1.4851,                 3.1761,              0.0017228,              0.0017228,              0.0017228
                     31,                 1.1891,                0.88272,                 1.5735,                0.57078,                0.73333,                0.70791,                0.33302,                  1.863,                 1.4095,                  2.556,              0.0017129,              0.0017129,              0.0017129
                     32,                  1.143,                0.84593,                 1.5642,                0.55326,                0.57887,                0.55747,                0.25256,                 2.1331,                  1.939,                 2.8816,               0.001703,               0.001703,               0.001703
                     33,                 1.1688,                0.85039,                 1.6132,                0.70798,                0.66667,                0.66894,                0.29918,                 2.0019,                 1.4798,                 2.5997,              0.0016931,              0.0016931,              0.0016931
                     34,                  1.141,                0.89225,                 1.5925,                0.32394,                    0.4,                0.37777,                0.13901,                 2.1013,                 2.5286,                 2.7503,              0.0016832,              0.0016832,              0.0016832
                     35,                 1.0872,                 0.8562,                 1.5075,                0.99574,                0.66667,                0.82283,                0.38383,                 1.8125,                 1.4387,                 2.4199,              0.0016733,              0.0016733,              0.0016733
                     36,                 1.1759,                0.89174,                 1.5672,                0.87705,                    0.4,                 0.5863,                  0.266,                  2.008,                 1.8102,                 2.7331,              0.0016634,              0.0016634,              0.0016634
                     37,                 1.1224,                0.87032,                 1.5468,                0.38742,                    0.6,                0.50462,                0.16378,                 2.3102,                 2.1087,                 2.8061,              0.0016535,              0.0016535,              0.0016535
                     38,                 1.1688,                0.86605,                 1.5916,                0.62421,                0.46667,                0.40813,                0.15261,                 2.1696,                 2.4608,                 3.0666,              0.0016436,              0.0016436,              0.0016436
                     39,                 1.0987,                0.87943,                 1.5481,                0.61279,                 0.6341,                0.56247,                0.31918,                 2.0697,                 1.3893,                 2.6869,              0.0016337,              0.0016337,              0.0016337
                     40,                 1.1136,                0.83044,                 1.5311,                0.93415,                0.53333,                0.76435,                0.36077,                  1.888,                 1.3789,                 2.3437,              0.0016238,              0.0016238,              0.0016238
                     41,                  1.077,                0.81459,                 1.5365,                0.60898,                    0.8,                0.77913,                0.33564,                 1.8344,                 1.4266,                 2.5936,              0.0016139,              0.0016139,              0.0016139
                     42,                 1.0698,                0.77094,                 1.4954,                0.54315,                    0.8,                0.69622,                0.33211,                 2.0298,                 1.3852,                 2.7513,               0.001604,               0.001604,               0.001604
                     43,                 1.1062,                0.82171,                 1.5323,                0.52964,                0.73333,                0.66276,                0.27096,                 2.1281,                 1.6443,                 2.7962,              0.0015941,              0.0015941,              0.0015941
                     44,                 1.0778,                0.81465,                 1.5309,                0.85154,                    0.8,                0.82453,                  0.401,                 1.8093,                  1.461,                 2.3946,              0.0015842,              0.0015842,              0.0015842
                     45,                 1.0957,                0.79344,                 1.5251,                0.76524,                0.46667,                0.56147,                0.24133,                 2.0561,                 1.7917,                 2.7184,              0.0015743,              0.0015743,              0.0015743
                     46,                 1.0943,                0.76517,                 1.5111,                0.78564,                0.73303,                0.78871,                0.39655,                 1.7953,                 1.1551,                 2.5438,              0.0015644,              0.0015644,              0.0015644
                     47,                 1.0454,                 0.7584,                 1.4791,                0.60141,                0.70508,                0.62753,                0.33751,                 1.9992,                 1.3865,                 2.5435,              0.0015545,              0.0015545,              0.0015545
                     48,                 1.0801,                0.79896,                  1.524,                0.56056,                    0.6,                0.58371,                0.29911,                 1.8154,                   1.57,                 2.5229,              0.0015446,              0.0015446,              0.0015446
                     49,                 1.0957,                0.77315,                 1.5142,                0.85526,                    0.6,                0.70556,                0.30923,                 1.9681,                  1.506,                  2.544,              0.0015347,              0.0015347,              0.0015347
                     50,                 1.0379,                0.75783,                 1.4828,                0.67116,                    0.8,                0.67013,                 0.2944,                 1.8276,                 1.6056,                 2.4107,              0.0015248,              0.0015248,              0.0015248
                     51,                 1.0348,                 0.7579,                 1.4659,                0.48445,                0.87735,                0.73263,                0.35757,                 1.8189,                 1.3195,                 2.4205,              0.0015149,              0.0015149,              0.0015149
                     52,                  1.036,                 0.7692,                 1.4649,                  0.353,                0.66667,                0.53907,                 0.2223,                  2.041,                 1.5611,                 2.6821,               0.001505,               0.001505,               0.001505
                     53,                 1.0542,                0.76664,                 1.4987,                0.81143,                    0.6,                0.66716,                0.25015,                 1.9199,                 1.5055,                 2.7429,              0.0014951,              0.0014951,              0.0014951
                     54,                 1.0541,                0.79408,                 1.5058,                0.59144,                0.73333,                 0.6336,                0.23511,                  2.301,                 1.4994,                 2.9763,              0.0014852,              0.0014852,              0.0014852
                     55,                 1.0492,                0.72073,                 1.4689,                0.72693,                    0.6,                0.64776,                0.34156,                 1.9368,                 1.4246,                 2.5385,              0.0014753,              0.0014753,              0.0014753
                     56,                 1.0139,                0.73187,                  1.486,                 0.5988,                0.59721,                0.60741,                0.31237,                 1.7887,                 1.8661,                 2.4163,              0.0014654,              0.0014654,              0.0014654
                     57,                0.97035,                0.68751,                 1.4635,                0.77055,                0.89648,                0.87872,                0.45493,                 1.6149,                 1.0084,                 2.1298,              0.0014555,              0.0014555,              0.0014555
                     58,                 1.0232,                0.74774,                 1.4579,                  0.832,                0.73333,                0.84024,                0.41593,                 1.7742,                 1.2171,                 2.3535,              0.0014456,              0.0014456,              0.0014456
                     59,                0.99866,                0.73204,                 1.4662,                 0.7474,                    0.6,                0.75482,                0.36263,                 1.7733,                  1.306,                 2.4054,              0.0014357,              0.0014357,              0.0014357
                     60,                 1.0039,                 0.7418,                 1.4452,                0.55923,                0.53333,                0.49536,                0.23868,                 1.9596,                 2.1585,                  2.844,              0.0014258,              0.0014258,              0.0014258
                     61,                 1.0227,                0.69562,                 1.4845,                      1,                0.52751,                0.72085,                0.29151,                 2.0618,                 1.5636,                 2.7375,              0.0014159,              0.0014159,              0.0014159
                     62,                0.99046,                0.70166,                 1.4492,                0.70939,                0.65183,                0.55991,                0.21295,                 2.3928,                 1.8856,                 3.2999,               0.001406,               0.001406,               0.001406
                     63,                0.96409,                0.69883,                 1.4441,                0.74742,                0.66667,                  0.615,                0.26004,                 2.0304,                 1.9975,                 2.7598,              0.0013961,              0.0013961,              0.0013961
                     64,                0.99948,                0.71659,                 1.4733,                0.60847,                0.53333,                 0.5029,                0.27051,                 2.0812,                 2.2264,                 2.7009,              0.0013862,              0.0013862,              0.0013862
                     65,                 1.0316,                0.71783,                 1.4789,                0.66017,                    0.6,                0.64649,                0.23796,                 2.3402,                 1.7779,                 2.9369,              0.0013763,              0.0013763,              0.0013763
                     66,                0.96622,                0.65867,                 1.4531,                0.71219,                    0.8,                0.77143,                0.35174,                 2.0686,                 1.6144,                 2.6959,              0.0013664,              0.0013664,              0.0013664
                     67,                0.93616,                 0.6765,                 1.3864,                0.48115,                0.46667,                0.40312,                0.20085,                 2.3022,                 1.9633,                 2.8374,              0.0013565,              0.0013565,              0.0013565
                     68,                 1.0161,                0.70195,                 1.4686,                0.50094,                0.53333,                0.60767,                0.32732,                 1.9947,                 1.7071,                 2.5157,              0.0013466,              0.0013466,              0.0013466
                     69,                0.95212,                0.68217,                 1.4167,                0.89308,                0.66667,                0.79739,                0.43671,                 1.9466,                 1.2856,                 2.3727,              0.0013367,              0.0013367,              0.0013367
                     70,                0.94577,                0.63665,                 1.3798,                0.90664,                    0.8,                0.85971,                0.41866,                 1.9689,                 1.0408,                 2.3913,              0.0013268,              0.0013268,              0.0013268
                     71,                0.93655,                0.65329,                 1.3972,                0.91243,                    0.8,                0.90738,                0.52118,                 1.5891,                0.90401,                 2.1761,              0.0013169,              0.0013169,              0.0013169
                     72,                0.93113,                 0.6605,                 1.4301,                0.59199,                    0.8,                0.71848,                0.37124,                 1.7337,                 1.3385,                 2.2672,               0.001307,               0.001307,               0.001307
                     73,                0.90127,                0.61388,                 1.3869,                   0.74,                    0.6,                0.60773,                0.33805,                 1.8333,                 1.3994,                 2.4489,              0.0012971,              0.0012971,              0.0012971
                     74,                0.89212,                0.60811,                 1.3665,                0.64213,                0.66667,                0.60072,                0.31098,                 1.8322,                 1.2149,                  2.381,              0.0012872,              0.0012872,              0.0012872
                     75,                0.90972,                0.60323,                 1.3906,                 0.8581,                0.86667,                0.86061,                0.39004,                 1.7972,                  1.362,                 2.5625,              0.0012773,              0.0012773,              0.0012773
                     76,                 0.9573,                0.70619,                  1.427,                  0.905,                    0.8,                0.88472,                 0.4327,                 1.6632,                 1.1259,                 2.2614,              0.0012674,              0.0012674,              0.0012674
                     77,                0.89779,                0.63851,                  1.371,                0.91445,                    0.8,                0.84989,                0.46194,                 1.7578,                0.99955,                 2.4595,              0.0012575,              0.0012575,              0.0012575
                     78,                0.93358,                0.67856,                  1.404,                0.91207,                    0.8,                0.85545,                0.42655,                 1.8778,                  1.066,                 2.5813,              0.0012476,              0.0012476,              0.0012476
                     79,                0.92502,                0.65983,                 1.4031,                0.76639,                0.66667,                0.70081,                0.30814,                 2.1016,                 1.5616,                 3.0119,              0.0012377,              0.0012377,              0.0012377
                     80,                0.88563,                 0.6286,                 1.3797,                0.77189,                0.73333,                0.76298,                0.31254,                 1.9763,                 1.3051,                 2.6697,              0.0012278,              0.0012278,              0.0012278
                     81,                0.86706,                0.60943,                 1.3632,                0.72112,                0.53333,                0.60281,                 0.3174,                 1.9694,                 1.4237,                 2.6546,              0.0012179,              0.0012179,              0.0012179
                     82,                0.92312,                0.61087,                 1.3783,                0.87018,                    0.6,                0.62443,                 0.3185,                  2.037,                 1.5083,                 2.8177,               0.001208,               0.001208,               0.001208
                     83,                0.89693,                0.62802,                 1.3858,                0.88975,                    0.6,                0.70221,                0.35083,                 2.0017,                  1.396,                 2.6053,              0.0011981,              0.0011981,              0.0011981
                     84,                 0.8892,                 0.6097,                 1.3646,                 0.7185,                0.53333,                0.55823,                0.29203,                 1.9548,                 1.7685,                 2.6504,              0.0011882,              0.0011882,              0.0011882
                     85,                0.86215,                0.59303,                 1.3471,                 0.7461,                    0.6,                0.56721,                0.29658,                 1.9095,                 1.9186,                 2.6552,              0.0011783,              0.0011783,              0.0011783
                     86,                0.87086,                0.59886,                 1.3554,                0.81548,                 0.5901,                0.59613,                0.32643,                 1.9326,                   1.64,                 2.6707,              0.0011684,              0.0011684,              0.0011684
                     87,                0.89287,                0.61013,                 1.3657,                0.74525,                0.58605,                0.59261,                0.25238,                 1.9321,                 1.5001,                 2.6513,              0.0011585,              0.0011585,              0.0011585
                     88,                0.89101,                0.62363,                 1.3615,                0.81818,                0.53333,                0.62503,                0.30446,                 2.0228,                 1.6142,                   2.84,              0.0011486,              0.0011486,              0.0011486
                     89,                 0.8893,                0.63064,                 1.3763,                0.88415,                    0.6,                0.73238,                0.38944,                 1.7675,                 1.4175,                 2.4123,              0.0011387,              0.0011387,              0.0011387
                     90,                0.86051,                0.59733,                 1.3564,                0.81291,                    0.8,                0.86709,                 0.4396,                 1.6624,                 1.0228,                 2.3143,              0.0011288,              0.0011288,              0.0011288
                     91,                0.84561,                0.60473,                 1.3134,                0.62369,                0.73333,                0.80253,                0.35167,                 2.0367,                 1.3636,                 2.7358,              0.0011189,              0.0011189,              0.0011189
                     92,                0.85311,                0.56355,                 1.3438,                0.74609,                0.78437,                0.83508,                0.36265,                 2.0873,                 1.3731,                 2.9207,               0.001109,               0.001109,               0.001109
                     93,                0.81887,                 0.5485,                 1.2945,                0.87616,                0.86667,                0.89345,                0.44687,                 1.9082,                 1.0203,                 2.6884,              0.0010991,              0.0010991,              0.0010991
                     94,                0.82337,                0.62083,                 1.3382,                0.71936,                0.85501,                0.86225,                0.41569,                 1.9788,                 1.0313,                 2.5573,              0.0010892,              0.0010892,              0.0010892
                     95,                0.82143,                0.56364,                 1.3282,                0.69782,                0.66667,                0.66796,                0.31882,                 1.9587,                 1.0993,                 2.5773,              0.0010793,              0.0010793,              0.0010793
                     96,                0.81652,                0.57177,                 1.3189,                0.91584,                0.72603,                0.84688,                0.43802,                 1.7189,                0.89692,                 2.3742,              0.0010694,              0.0010694,              0.0010694
                     97,                0.79779,                 0.5444,                 1.3143,                 0.6924,                    0.8,                0.79874,                0.37809,                 1.8864,                 1.4768,                 2.5273,              0.0010595,              0.0010595,              0.0010595
                     98,                 0.8475,                0.54279,                  1.323,                0.74768,                0.59319,                0.61572,                0.31506,                 1.8858,                 1.5967,                 2.7605,              0.0010496,              0.0010496,              0.0010496
                     99,                0.78469,                0.53039,                 1.2884,                 0.7639,                0.66667,                  0.636,                0.34666,                 1.7204,                 1.6409,                 2.4638,              0.0010397,              0.0010397,              0.0010397
                    100,                0.78504,                0.52975,                 1.2976,                0.90202,                0.73333,                0.80006,                0.36104,                  1.817,                 1.2214,                 2.5387,              0.0010298,              0.0010298,              0.0010298
                    101,                0.74578,                0.53403,                 1.2579,                0.79785,                    0.6,                0.63577,                0.34131,                 1.7887,                 1.6422,                 2.5437,              0.0010199,              0.0010199,              0.0010199
                    102,                0.79619,                0.52263,                 1.2896,                 0.6582,                0.66667,                0.69795,                0.36665,                 1.8776,                 1.6929,                 2.5145,                0.00101,                0.00101,                0.00101
                    103,                 0.7766,                0.52919,                 1.2923,                0.66272,                0.73333,                0.63676,                0.32098,                 1.9871,                 1.6255,                 2.8319,              0.0010001,              0.0010001,              0.0010001
                    104,                0.78363,                0.52877,                 1.2996,                0.78498,                0.73036,                0.79732,                0.43234,                 1.6224,                 1.6825,                 2.1852,              0.0009902,              0.0009902,              0.0009902
                    105,                0.78025,                0.53739,                 1.2928,                0.70505,                0.79698,                0.81642,                0.40124,                 1.8091,                 1.4303,                 2.4242,              0.0009803,              0.0009803,              0.0009803
                    106,                 0.7734,                0.52266,                 1.2778,                0.85042,                    0.8,                0.82054,                0.40445,                 1.9587,                 1.0624,                 2.7357,              0.0009704,              0.0009704,              0.0009704
                    107,                 0.7747,                0.53685,                 1.2804,                0.91827,                0.86667,                0.93241,                0.46909,                  1.707,                 1.0021,                 2.2574,              0.0009605,              0.0009605,              0.0009605
                    108,                0.80477,                0.53046,                 1.2829,                0.85261,                0.86667,                0.91142,                0.53372,                 1.5445,                0.85138,                 2.1444,              0.0009506,              0.0009506,              0.0009506
                    109,                0.76493,                0.50689,                 1.2624,                0.85366,                0.77885,                 0.9039,                0.53345,                 1.5492,                0.96859,                 2.1895,              0.0009407,              0.0009407,              0.0009407
                    110,                0.71496,                0.47336,                 1.2319,                0.87024,                0.73333,                0.89138,                 0.5261,                 1.6784,                 1.0478,                 2.2731,              0.0009308,              0.0009308,              0.0009308
                    111,                0.77069,                0.52707,                 1.3078,                 0.7827,                0.72116,                 0.8467,                0.46222,                 1.7855,                 1.0819,                 2.4392,              0.0009209,              0.0009209,              0.0009209
                    112,                0.75931,                0.51341,                 1.2828,                0.88175,                0.99451,                0.96441,                0.52823,                 1.5882,                0.72485,                 2.3066,               0.000911,               0.000911,               0.000911
                    113,                0.77016,                0.53921,                 1.2678,                0.82024,                0.91347,                0.94244,                0.50887,                 1.7026,                 0.8227,                 2.3598,              0.0009011,              0.0009011,              0.0009011
                    114,                0.71021,                0.51286,                 1.2318,                 0.8658,                0.86058,                0.89673,                0.49884,                 1.7994,                 1.0056,                 2.3726,              0.0008912,              0.0008912,              0.0008912
                    115,                0.76364,                0.50832,                 1.2571,                0.84543,                    0.8,                0.83554,                 0.4338,                 1.8175,                 1.2004,                 2.4436,              0.0008813,              0.0008813,              0.0008813
                    116,                0.73962,                0.51197,                 1.2401,                0.82972,                0.65077,                0.73465,                0.37191,                 1.8657,                  1.485,                 2.6155,              0.0008714,              0.0008714,              0.0008714
                    117,                0.72916,                0.48628,                 1.2432,                0.89702,                0.58215,                0.71804,                0.38183,                 1.8719,                 1.4977,                 2.7093,              0.0008615,              0.0008615,              0.0008615
                    118,                0.72113,                0.50413,                 1.2522,                0.83082,                0.65562,                0.69302,                0.34858,                 1.9548,                 1.5221,                 2.9141,              0.0008516,              0.0008516,              0.0008516
                    119,                0.72096,                0.49197,                 1.2547,                0.62756,                0.66667,                0.60522,                0.29521,                 2.1553,                 1.7301,                 2.9533,              0.0008417,              0.0008417,              0.0008417
                    120,                0.72545,                0.48805,                 1.2399,                0.75433,                0.46667,                0.54269,                0.25733,                 2.0822,                 1.7903,                 2.8062,              0.0008318,              0.0008318,              0.0008318
                    121,                0.72858,                0.47803,                 1.2316,                0.71732,                0.53333,                0.50884,                0.26045,                 2.1563,                 1.6481,                 3.1505,              0.0008219,              0.0008219,              0.0008219
                    122,                0.75797,                0.48102,                 1.2821,                0.80884,                    0.6,                0.62821,                0.25569,                  2.287,                 1.7421,                 3.3645,               0.000812,               0.000812,               0.000812
                    123,                0.69283,                0.45364,                 1.2341,                0.76186,                0.46667,                0.61293,                0.26263,                 2.1245,                 1.7701,                  3.191,              0.0008021,              0.0008021,              0.0008021
                    124,                0.66986,                0.45188,                 1.2173,                0.78332,                0.53333,                0.64698,                0.28249,                 2.1783,                 1.7504,                 2.9379,              0.0007922,              0.0007922,              0.0007922
                    125,                 0.7353,                0.48292,                   1.24,                0.80636,                    0.6,                0.63182,                0.30605,                 1.9403,                 1.7412,                 2.6541,              0.0007823,              0.0007823,              0.0007823
                    126,                 0.7103,                0.49536,                 1.2155,                0.90888,                0.66511,                0.68333,                0.28228,                 2.0358,                 1.7719,                 2.7584,              0.0007724,              0.0007724,              0.0007724
                    127,                0.71837,                0.50718,                 1.2425,                0.83265,                0.66366,                0.66314,                0.34287,                  1.999,                 1.5427,                 2.7172,              0.0007625,              0.0007625,              0.0007625
                    128,                0.66826,                0.45574,                   1.18,                0.73306,                0.73239,                0.63348,                0.29738,                 2.0852,                 1.5838,                 2.8566,              0.0007526,              0.0007526,              0.0007526
                    129,                0.66988,                0.45916,                 1.1973,                0.74862,                0.59595,                0.66249,                0.29996,                 1.9684,                 1.7198,                 2.6714,              0.0007427,              0.0007427,              0.0007427
                    130,                0.68403,                0.45619,                 1.2165,                0.84152,                    0.6,                0.68398,                0.33953,                 1.8783,                 1.6616,                 2.4885,              0.0007328,              0.0007328,              0.0007328
                    131,                0.66676,                0.47113,                 1.2096,                0.68608,                    0.6,                0.64934,                0.36276,                 1.9058,                 1.6332,                 2.6399,              0.0007229,              0.0007229,              0.0007229
                    132,                0.68061,                0.48883,                 1.2418,                0.85248,                0.66667,                0.76147,                0.37561,                 1.9161,                  1.541,                  2.777,               0.000713,               0.000713,               0.000713
                    133,                0.63778,                0.44062,                 1.2042,                0.76103,                0.66667,                  0.688,                0.33134,                  2.089,                 1.6466,                 2.8866,              0.0007031,              0.0007031,              0.0007031
                    134,                0.66776,                0.45095,                 1.2076,                  0.709,                0.66667,                0.68269,                0.34702,                 2.0049,                 1.7839,                 2.6969,              0.0006932,              0.0006932,              0.0006932
                    135,                 0.6552,                0.44002,                 1.1884,                0.85637,                    0.6,                0.69639,                0.26858,                 2.0974,                 1.9892,                 2.8136,              0.0006833,              0.0006833,              0.0006833
                    136,                0.65668,                0.44032,                 1.1817,                0.74958,                    0.6,                0.74052,                0.32893,                 1.9719,                 1.6477,                 2.6867,              0.0006734,              0.0006734,              0.0006734
                    137,                 0.6331,                0.41658,                  1.167,                0.79526,                0.66667,                0.82128,                0.41044,                 1.8289,                 1.4998,                 2.4935,              0.0006635,              0.0006635,              0.0006635
                    138,                 0.6372,                0.41785,                 1.1716,                0.76482,                0.66667,                0.74463,                0.37053,                 1.9013,                 1.5761,                 2.6332,              0.0006536,              0.0006536,              0.0006536
                    139,                0.65851,                0.44664,                 1.2026,                 0.7961,                0.53333,                0.61856,                0.37048,                 1.7556,                 1.8656,                  2.476,              0.0006437,              0.0006437,              0.0006437
                    140,                0.63148,                0.44447,                 1.1894,                0.89542,                    0.6,                0.68836,                0.32667,                 2.0532,                 1.9306,                  2.737,              0.0006338,              0.0006338,              0.0006338
                    141,                0.63732,                0.43959,                 1.1669,                0.61058,                0.66667,                0.59168,                 0.3091,                 1.8792,                 2.0173,                 2.6351,              0.0006239,              0.0006239,              0.0006239
                    142,                0.62443,                0.42737,                  1.155,                0.62364,                0.66303,                0.63504,                0.34334,                 1.8275,                 1.9954,                 2.5159,               0.000614,               0.000614,               0.000614
                    143,                0.66432,                  0.481,                 1.2159,                0.85848,                0.53333,                0.64386,                0.33212,                 1.9374,                 2.1014,                 2.5768,              0.0006041,              0.0006041,              0.0006041
                    144,                0.62793,                0.43989,                 1.1856,                0.77712,                0.53333,                0.56869,                0.29691,                  1.927,                 2.2491,                 2.5542,              0.0005942,              0.0005942,              0.0005942
                    145,                0.62129,                0.43666,                 1.1742,                0.71927,                0.46667,                0.56689,                0.31963,                 1.6062,                 2.2805,                  2.195,              0.0005843,              0.0005843,              0.0005843
                    146,                0.63082,                0.44032,                 1.1813,                0.81107,                    0.6,                0.65937,                0.37244,                 1.7917,                 1.8342,                 2.2911,              0.0005744,              0.0005744,              0.0005744
                    147,                0.63551,                0.46503,                 1.1983,                0.82039,                0.66667,                0.66525,                0.36295,                 1.7711,                 1.7879,                 2.3323,              0.0005645,              0.0005645,              0.0005645
                    148,                0.61761,                0.40653,                 1.1519,                0.57253,                0.66667,                0.62127,                0.31821,                 1.9569,                  1.789,                 2.6809,              0.0005546,              0.0005546,              0.0005546
                    149,                0.57417,                0.39094,                 1.1243,                0.68142,                    0.6,                0.60355,                0.30392,                 1.9349,                 1.5841,                  2.791,              0.0005447,              0.0005447,              0.0005447
                    150,                0.61278,                0.42037,                 1.1469,                0.71301,                0.73333,                 0.6868,                0.32005,                 1.9571,                 1.6218,                 2.7327,              0.0005348,              0.0005348,              0.0005348
                    151,                0.58072,                0.42458,                 1.1418,                0.74195,                    0.8,                0.78647,                0.38401,                 1.7664,                 1.4538,                 2.4707,              0.0005249,              0.0005249,              0.0005249
                    152,                0.57538,                0.38573,                  1.125,                0.98481,                0.66667,                0.85718,                0.43457,                 1.5857,                 1.3235,                 2.3118,               0.000515,               0.000515,               0.000515
                    153,                0.58093,                0.41847,                 1.1427,                0.88819,                    0.6,                0.75089,                0.42022,                   1.65,                 1.2686,                 2.4872,              0.0005051,              0.0005051,              0.0005051
                    154,                0.57709,                0.41393,                 1.1272,                 0.8988,                0.59282,                0.75885,                0.42196,                 1.7399,                 1.1882,                 2.5727,              0.0004952,              0.0004952,              0.0004952
                    155,                0.59166,                0.40373,                 1.1472,                0.72537,                0.73333,                0.79314,                0.39982,                 1.7719,                  1.392,                 2.6207,              0.0004853,              0.0004853,              0.0004853
                    156,                0.57913,                0.40052,                 1.1274,                0.68593,                 0.7283,                0.70964,                 0.3559,                 1.8911,                 1.6054,                 2.6462,              0.0004754,              0.0004754,              0.0004754
                    157,                0.60081,                 0.4214,                 1.1621,                0.70797,                0.66667,                0.72064,                0.32424,                 1.9093,                 1.7851,                 2.7398,              0.0004655,              0.0004655,              0.0004655
                    158,                0.58745,                0.40124,                 1.1446,                0.87919,                0.66667,                0.80488,                0.36912,                 1.9811,                 1.4009,                 3.0057,              0.0004556,              0.0004556,              0.0004556
                    159,                0.54705,                0.38077,                 1.1274,                0.84452,                0.72484,                0.78047,                 0.3457,                 1.9755,                 1.4774,                 3.0722,              0.0004457,              0.0004457,              0.0004457
                    160,                0.55621,                0.38611,                 1.1172,                0.76915,                0.66638,                0.76778,                 0.3368,                 2.0535,                 1.4543,                 2.9902,              0.0004358,              0.0004358,              0.0004358
                    161,                0.56575,                0.38026,                 1.1347,                0.65389,                0.75655,                0.69012,                0.31922,                 1.9057,                 2.0046,                 2.7321,              0.0004259,              0.0004259,              0.0004259
                    162,                0.52235,                0.37865,                 1.0977,                0.85586,                0.53333,                 0.6677,                0.34262,                 1.7355,                 1.9989,                 2.4464,               0.000416,               0.000416,               0.000416
                    163,                 0.5764,                0.39836,                 1.1514,                0.78239,                    0.6,                0.69826,                0.32958,                 1.9759,                 1.7196,                 2.8466,              0.0004061,              0.0004061,              0.0004061
                    164,                0.58067,                0.37646,                 1.1313,                0.81004,                    0.6,                0.71554,                0.34272,                  1.957,                 1.7655,                 2.7706,              0.0003962,              0.0003962,              0.0003962
                    165,                0.56427,                0.39041,                 1.1261,                0.89774,                0.58642,                0.76408,                0.36506,                 1.9709,                 1.7321,                 2.4815,              0.0003863,              0.0003863,              0.0003863
                    166,                0.55048,                0.39519,                 1.1287,                 0.7788,                0.53333,                0.69965,                 0.3348,                 1.6926,                 2.1429,                 2.1645,              0.0003764,              0.0003764,              0.0003764
                    167,                0.55998,                0.39713,                 1.1289,                0.58517,                0.65872,                 0.6448,                0.33182,                 1.6328,                 2.1827,                 2.2928,              0.0003665,              0.0003665,              0.0003665
                    168,                0.54163,                0.40341,                 1.1333,                 0.7111,                  0.657,                0.75169,                0.39728,                 1.7374,                 1.8059,                 2.5358,              0.0003566,              0.0003566,              0.0003566
                    169,                0.53633,                0.36228,                 1.1146,                0.71495,                  0.669,                0.76863,                0.37585,                 1.7951,                 1.8416,                 2.6694,              0.0003467,              0.0003467,              0.0003467
                    170,                0.52968,                0.36024,                 1.0958,                0.63275,                0.69007,                0.78426,                0.40606,                 1.8197,                 1.7608,                 2.7734,              0.0003368,              0.0003368,              0.0003368
                    171,                0.51466,                0.37872,                 1.1018,                0.60543,                0.73333,                0.71071,                0.36876,                   1.81,                 1.5393,                 2.6407,              0.0003269,              0.0003269,              0.0003269
                    172,                0.52129,                0.35502,                  1.106,                0.64217,                0.71856,                0.72109,                0.37024,                  1.842,                 1.4314,                 2.7198,               0.000317,               0.000317,               0.000317
                    173,                0.52994,                0.36054,                 1.1002,                 0.8815,                    0.6,                0.80982,                0.38515,                 1.8243,                 1.4804,                 2.7468,              0.0003071,              0.0003071,              0.0003071
                    174,                0.55089,                0.40339,                 1.1384,                0.63345,                0.73333,                0.76023,                0.35867,                 1.7676,                 1.7065,                 2.5444,              0.0002972,              0.0002972,              0.0002972
                    175,                0.51893,                0.36838,                 1.1049,                0.72981,                  0.721,                0.75213,                0.35823,                 1.8543,                 1.7216,                 2.5829,              0.0002873,              0.0002873,              0.0002873
                    176,                0.52516,                0.35751,                 1.1034,                0.78084,                0.71362,                0.76189,                0.35073,                  1.972,                 1.6039,                 2.7952,              0.0002774,              0.0002774,              0.0002774
                    177,                0.55081,                0.38628,                 1.1211,                0.78396,                0.72623,                0.79597,                0.37689,                 2.0037,                  1.555,                 2.8603,              0.0002675,              0.0002675,              0.0002675
                    178,                 0.5161,                0.39754,                 1.1198,                0.71104,                0.65683,                 0.7203,                0.37447,                 1.9042,                 1.5278,                 2.6602,              0.0002576,              0.0002576,              0.0002576
                    179,                0.50451,                0.35913,                 1.0793,                0.66358,                0.65802,                0.74971,                0.37641,                 1.8288,                 1.5354,                 2.5623,              0.0002477,              0.0002477,              0.0002477
                    180,                0.51313,                0.36639,                 1.0942,                0.81456,                0.66667,                0.82588,                0.40798,                 1.7358,                  1.542,                 2.4535,              0.0002378,              0.0002378,              0.0002378
                    181,                0.51558,                0.35922,                 1.1115,                0.82696,                0.66667,                 0.8426,                 0.4052,                 1.9564,                 1.5022,                 2.8068,              0.0002279,              0.0002279,              0.0002279
                    182,                0.49447,                0.37258,                 1.0879,                0.84242,                    0.6,                0.81105,                0.38333,                 2.0461,                 1.5915,                 2.9744,               0.000218,               0.000218,               0.000218
                    183,                0.49419,                0.35058,                 1.0847,                0.71081,                0.65614,                0.72395,                0.35252,                 2.0029,                 1.8067,                 2.8564,              0.0002081,              0.0002081,              0.0002081
                    184,                0.48883,                0.35518,                 1.0853,                0.81284,                    0.6,                0.71345,                0.33459,                 2.0285,                 1.8813,                 2.8779,              0.0001982,              0.0001982,              0.0001982
                    185,                0.48358,                0.35785,                  1.073,                0.75927,                0.63215,                0.66043,                0.34865,                 1.9178,                 2.0576,                 2.6593,              0.0001883,              0.0001883,              0.0001883
                    186,                0.48897,                0.34892,                 1.0905,                0.74857,                 0.5958,                0.66691,                0.37684,                 1.7841,                 2.0146,                 2.4984,              0.0001784,              0.0001784,              0.0001784
                    187,                0.48454,                0.34177,                 1.0766,                0.68506,                0.72552,                0.73021,                0.38085,                   1.81,                 1.8994,                 2.5298,              0.0001685,              0.0001685,              0.0001685
                    188,                0.52438,                0.37364,                 1.1111,                0.76746,                0.66054,                0.73075,                0.41719,                 1.8446,                  1.816,                 2.6041,              0.0001586,              0.0001586,              0.0001586
                    189,                0.49307,                0.34958,                 1.0728,                0.74919,                0.59762,                0.67892,                0.38949,                  1.758,                 1.8302,                 2.4523,              0.0001487,              0.0001487,              0.0001487
                    190,                0.47935,                0.35229,                 1.0918,                0.74949,                 0.5985,                0.63582,                0.37097,                  1.797,                 1.7304,                 2.5355,              0.0001388,              0.0001388,              0.0001388
                    191,                0.44183,                0.47005,                 1.1069,                0.76457,                 0.6505,                0.65832,                0.33928,                 1.8957,                 1.7529,                 2.7451,              0.0001289,              0.0001289,              0.0001289
                    192,                0.38028,                0.30227,                 1.0488,                0.74423,                    0.6,                0.61065,                0.25981,                 2.0672,                 1.8506,                 3.0369,               0.000119,               0.000119,               0.000119
                    193,                0.37165,                0.27744,                 1.0308,                0.74395,                    0.6,                0.60691,                0.23638,                 2.0462,                  1.834,                 3.0874,              0.0001091,              0.0001091,              0.0001091
                    194,                0.35994,                0.25571,                 1.0504,                0.73951,                    0.6,                0.58454,                0.25618,                 1.9773,                 1.7507,                 3.0204,               9.92e-05,               9.92e-05,               9.92e-05
                    195,                0.34387,                0.25555,                 1.0074,                0.74205,                    0.6,                0.57869,                0.28897,                 1.9342,                 1.6945,                 2.9738,               8.93e-05,               8.93e-05,               8.93e-05
                    196,                0.36231,                0.24591,                 1.0379,                0.72012,                    0.6,                0.64661,                0.28993,                 1.9479,                  1.734,                 3.0117,               7.94e-05,               7.94e-05,               7.94e-05
                    197,                0.35881,                0.24366,                 1.0636,                0.68242,                    0.6,                0.61657,                0.27809,                 1.8786,                 1.8242,                 2.9576,               6.95e-05,               6.95e-05,               6.95e-05
                    198,                0.33232,                0.22287,                 1.0094,                0.74922,                    0.6,                0.61643,                0.30883,                 1.8352,                 1.8403,                 2.9311,               5.96e-05,               5.96e-05,               5.96e-05
                    199,                0.32234,                0.22232,                 1.0046,                0.63571,                    0.6,                0.59956,                0.31507,                 1.8373,                 1.7828,                 2.9051,               4.97e-05,               4.97e-05,               4.97e-05
                    200,                0.33011,                0.23186,                0.97649,                0.61798,                0.66667,                0.65252,                  0.319,                 1.8462,                 1.7811,                 2.8801,               3.98e-05,               3.98e-05,               3.98e-05
